annee,prix,nom,genre,pays
1901,Chemestry,Jacobus Henricus van 't Hoff,Male,Netherlands
1901,Literature,Sully Prudhomme,Male,France
1901,Medicine,Emil Adolf von Behring,Male,Germany
1901,Peace,Frédéric Passy,Male,France
1901,Peace,Henry Dunant,Male,"France, Switzerland"
1901,Physics,Wilhelm Röntgen,Male,Germany
1902,Chemestry,Hermann Emil Fischer,Male,Germany
1902,Literature,Theodor Mommsen,Male,Germany
1902,Medicine,Ronald Ross,Male,"India, United Kingdom"
1902,Peace,Élie Ducommun,Male,Switzerland
1902,Peace,Charles Albert Gobat,Male,Switzerland
1902,Physics,Hendrik Lorentz,Male,Netherlands
1902,Physics,Pieter Zeeman,Male,Netherlands
1903,Chemestry,Svante Arrhenius,Male,Sweden
1903,Literature,Bjørnstjerne Bjørnson,Male,Norway
1903,Medicine,Niels Ryberg Finsen,Male,"Denmark, Faroe Islands"
1903,Peace,Randal Cremer,Male,United Kingdom
1903,Physics,Pierre Curie,Male,France
1903,Physics,Henri Becquerel,Male,France
1903,"Physics,",Marie Curie,Female,"France, France"
1904,Chemestry,William Ramsay,Male,United Kingdom
1904,Literature,Frédéric Mistral,Male,France
1904,Literature,José Echegaray,Male,Spain
1904,Medicine,Ivan Pavlov,Male,Russia
1904,Peace,Institut de Droit International,,Belgium
1904,Physics,Lord Rayleigh,Male,United Kingdom
1905,Chemestry,Adolf von Baeyer,Male,Germany
1905,Literature,Henryk Sienkiewicz,Male,Poland
1905,Medicine,Robert Koch,Male,Germany
1905,Peace,Bertha von Suttner,Female,"Austria, Czech Republic"
1905,Physics,Philipp Lenard,Male,"Austria, Germany"
1906,Chemestry,Henri Moissan,Male,France
1906,Literature,Giosuè Carducci,Male,Italy
1906,Medicine,Camillo Golgi,Male,Italy
1906,Medicine,Santiago Ramón y Cajal,Male,Spain
1906,Peace,Theodore Roosevelt,Male,United States of America
1906,Physics,J. J. Thomson,Male,United Kingdom
1907,Chemestry,Eduard Buchner,Male,Germany
1907,Literature,Rudyard Kipling,Male,"India, United Kingdom"
1907,Medicine,Charles Louis Alphonse Laveran,Male,France
1907,Peace,Louis Renault,Male,France
1907,Peace,Ernesto Teodoro Moneta,Male,Italy
1907,Physics,Albert Abraham Michelson,Male,Poland
1908,Chemestry,Ernest Rutherford,Male,"Canada, New Zealand, United Kingdom"
1908,Literature,Rudolf Christoph Eucken,Male,Germany
1908,Medicine,Paul Ehrlich,Male,Germany
1908,Medicine,Élie Metchnikoff,Male,"Russia, Ukraine"
1908,Peace,Fredrik Bajer,Male,Denmark
1908,Peace,Klas Pontus Arnoldson,Male,Sweden
1908,Physics,Gabriel Lippmann,Male,"France, Luxembourg"
1909,Chemestry,Wilhelm Ostwald,Male,"Germany, Latvia, Russia"
1909,Literature,Selma Lagerlöf,Female,Sweden
1909,Medicine,Emil Theodor Kocher,Male,Switzerland
1909,Peace,Auguste Marie François Beernaert,Male,Belgium
1909,Peace,Paul-Henri-Benjamin d'Estournelles de Constant,Male,France
1909,Physics,Guglielmo Marconi,Male,Italy
1909,Physics,Karl Ferdinand Braun,Male,Germany
1910,Chemestry,Otto Wallach,Male,Germany
1910,Literature,Paul Heyse,Male,Germany
1910,Medicine,Albrecht Kossel,Male,Germany
1910,Peace,International Peace Bureau,,
1910,Physics,Johannes Diderik van der Waals,Male,Netherlands
1911,Literature,Maurice Maeterlinck,Male,Belgium
1911,Medicine,Allvar Gullstrand,Male,Sweden
1911,Peace,Alfred Hermann Fried,Male,Austria
1911,Peace,Tobias Asser,Male,Netherlands
1911,Physics,Wilhelm Wien,Male,Germany
1912,Chemestry,Paul Sabatier,Male,France
1912,Chemestry,Victor Grignard,Male,France
1912,Literature,Gerhart Hauptmann,Male,Germany
1912,Medicine,Alexis Carrel,Male,France
1912,Peace,Elihu Root,Male,United States of America
1912,Physics,Gustaf Dalén,Male,Sweden
1913,Chemestry,Alfred Werner,Male,"France, Switzerland"
1913,Literature,Rabindranath Tagore,Male,India
1913,Medicine,Charles Richet,Male,France
1913,Peace,Henri La Fontaine,Male,Belgium
1913,Physics,Heike Kamerlingh Onnes,Male,Netherlands
1914,Chemestry,Theodore William Richards,Male,United States of America
1914,Medicine,Robert Bárány,Male,"Austria, Hungary"
1914,Physics,Max von Laue,Male,Germany
1915,Chemestry,Richard Willstätter,Male,Germany
1915,Literature,Romain Rolland,Male,France
1915,Physics,William Henry Bragg,Male,United Kingdom
1915,Physics,William Lawrence Bragg,Male,"Australia, United Kingdom"
1916,Literature,Verner von Heidenstam,Male,Sweden
1917,Literature,Karl Adolph Gjellerup,Male,Denmark
1917,Literature,Henrik Pontoppidan,Male,Denmark
1917,"Peace,",International Committee of the Red Cross,,
1917,Physics,Charles Glover Barkla,Male,United Kingdom
1918,Chemestry,Fritz Haber,Male,Germany
1918,Physics,Max Planck,Male,Germany
1919,Literature,Carl Spitteler,Male,Switzerland
1919,Medicine,Jules Bordet,Male,Belgium
1919,Peace,Woodrow Wilson,Male,United States of America
1919,Physics,Johannes Stark,Male,Germany
1920,Chemestry,Walther Nernst,Male,Germany
1920,Literature,Knut Hamsun,Male,Norway
1920,Medicine,August Krogh,Male,Denmark
1920,Peace,Léon Bourgeois,Male,France
1920,Physics,Charles Édouard Guillaume,Male,Switzerland
1921,Chemestry,Frederick Soddy,Male,United Kingdom
1921,Literature,Anatole France,Male,France
1921,Peace,Christian Lous Lange,Male,Norway
1921,Peace,Hjalmar Branting,Male,Sweden
1921,Physics,Albert Einstein,Male,"Germany, Switzerland"
1922,Chemestry,Francis William Aston,Male,United Kingdom
1922,Literature,Jacinto Benavente,Male,Spain
1922,Medicine,Otto Fritz Meyerhof,Male,Germany
1922,Medicine,Archibald Hill,Male,United Kingdom
1922,Peace,Fridtjof Nansen,Male,Norway
1922,Physics,Niels Bohr,Male,Denmark
1923,Chemestry,Fritz Pregl,Male,"Austria, Slovenia"
1923,Literature,W. B. Yeats,Male,Ireland
1923,Medicine,Frederick Banting,Male,Canada
1923,Medicine,John James Rickard Macleod,Male,United Kingdom
1923,Physics,Robert Andrews Millikan,Male,United States of America
1924,Literature,Władysław Reymont,Male,Poland
1924,Medicine,Willem Einthoven,Male,Netherlands
1924,Physics,Manne Siegbahn,Male,Sweden
1925,Chemestry,Richard Adolf Zsigmondy,Male,"Austria, Hungary"
1925,Literature,George Bernard Shaw,Male,Ireland
1925,Peace,Austen Chamberlain,Male,United Kingdom
1925,Peace,Charles G. Dawes,Male,United States of America
1925,Physics,Gustav Ludwig Hertz,Male,Germany
1925,Physics,James Franck,Male,Germany
1926,Chemestry,Theodor Svedberg,Male,Sweden
1926,Literature,Grazia Deledda,Female,Italy
1926,Medicine,Johannes Fibiger,Male,Denmark
1926,Peace,Gustav Stresemann,Male,Germany
1926,Peace,Aristide Briand,Male,France
1926,Physics,Jean Baptiste Perrin,Male,France
1927,Chemestry,Heinrich Otto Wieland,Male,Germany
1927,Literature,Henri Bergson,Male,France
1927,Medicine,Julius Wagner-Jauregg,Male,Austria
1927,Peace,Ludwig Quidde,Male,Germany
1927,Peace,Ferdinand Buisson,Male,France
1927,Physics,Charles Thomson Rees Wilson,Male,United Kingdom
1927,Physics,Arthur Compton,Male,United States of America
1928,Chemestry,Adolf Otto Reinhold Windaus,Male,Germany
1928,Literature,Sigrid Undset,Female,Norway
1928,Medicine,Charles Nicolle,Male,France
1928,Physics,Owen Willans Richardson,Male,United Kingdom
1929,Chemestry,Arthur Harden,Male,United Kingdom
1929,Chemestry,Hans von Euler-Chelpin,Male,"Germany, Sweden"
1929,Literature,Thomas Mann,Male,Germany
1929,Medicine,Christiaan Eijkman,Male,Netherlands
1929,Medicine,Frederick Gowland Hopkins,Male,United Kingdom
1929,Peace,Frank B. Kellogg,Male,United States of America
1929,Physics,Louis de Broglie,Male,France
1930,Chemestry,Hans Fischer,Male,Germany
1930,Literature,Sinclair Lewis,Male,United States of America
1930,Medicine,Karl Landsteiner,Male,Austria
1930,Peace,Nathan Söderblom,Male,Sweden
1930,Physics,C. V. Raman,Male,India
1931,Chemestry,Friedrich Bergius,Male,Germany
1931,Chemestry,Carl Bosch,Male,Germany
1931,Literature,Erik Axel Karlfeldt,Male,Sweden
1931,Medicine,Otto Heinrich Warburg,Male,Germany
1931,Peace,Jane Addams,Female,United States of America
1931,Peace,Nicholas Murray Butler,Male,United States of America
1932,Chemestry,Irving Langmuir,Male,United States of America
1932,Literature,John Galsworthy,Male,United Kingdom
1932,Medicine,Edgar Adrian,Male,United Kingdom
1932,Medicine,Charles Scott Sherrington,Male,United Kingdom
1932,Physics,Werner Heisenberg,Male,Germany
1933,Literature,Ivan Bunin,Male,"France, Russia"
1933,Medicine,Thomas Hunt Morgan,Male,United States of America
1933,Peace,Norman Angell,Male,United Kingdom
1933,Physics,Erwin Schrödinger,Male,Austria
1933,Physics,Paul Dirac,Male,United Kingdom
1934,Chemestry,Harold Urey,Male,United States of America
1934,Literature,Luigi Pirandello,Male,Italy
1934,Medicine,George Whipple,Male,United States of America
1934,Medicine,George Minot,Male,United States of America
1934,Medicine,William P. Murphy,Male,United States of America
1934,Peace,Arthur Henderson,Male,United Kingdom
1935,Chemestry,Frédéric Joliot-Curie,Male,France
1935,Chemestry,Irène Joliot-Curie,Female,France
1935,Medicine,Hans Spemann,Male,Germany
1935,Peace,Carl von Ossietzky,Male,Germany
1935,Physics,James Chadwick,Male,United Kingdom
1936,Chemestry,Peter Debye,Male,Netherlands
1936,Literature,Eugene O'Neill,Male,United States of America
1936,Medicine,Henry Hallett Dale,Male,United Kingdom
1936,Medicine,Otto Loewi,Male,Austria
1936,Peace,Carlos Saavedra Lamas,Male,Argentina
1936,Physics,Carl David Anderson,Male,United States of America
1936,Physics,Victor Francis Hess,Male,Austria
1937,Chemestry,Norman Haworth,Male,United Kingdom
1937,Chemestry,Paul Karrer,Male,Switzerland
1937,Literature,Roger Martin du Gard,Male,France
1937,Medicine,Albert Szent-Györgyi,Male,Hungary
1937,Peace,The Viscount Cecil of Chelwood,Male,United Kingdom
1937,Physics,Clinton Davisson,Male,United States of America
1937,Physics,George Paget Thomson,Male,United Kingdom
1938,Chemestry,Richard Kuhn,Male,"Austria, Germany"
1938,Literature,Pearl S. Buck,Female,United States of America
1938,Medicine,Corneille Heymans,Male,Belgium
1938,Peace,Nansen International Office For Refugees,,
1938,Physics,Enrico Fermi,Male,Italy
1939,Chemestry,Adolf Butenandt,Male,Germany
1939,Chemestry,Leopold Ružička,Male,"Croatia, Switzerland"
1939,Literature,Frans Eemil Sillanpää,Male,Finland
1939,Medicine,Gerhard Domagk,Male,Germany
1939,Physics,Ernest Lawrence,Male,United States of America
1943,Chemestry,George de Hevesy,Male,Hungary
1943,Medicine,Edward Adelbert Doisy,Male,United States of America
1943,Medicine,Henrik Dam,Male,Denmark
1943,Physics,Otto Stern,Male,"Germany, United States of America"
1944,Chemestry,Otto Hahn,Male,Germany
1944,Literature,Johannes Vilhelm Jensen,Male,Denmark
1944,Medicine,Joseph Erlanger,Male,United States of America
1944,Medicine,Herbert Spencer Gasser,Male,United States of America
1944,Physics,Isidor Isaac Rabi,Male,United States of America
1945,Chemestry,Artturi Ilmari Virtanen,Male,Finland
1945,Literature,Gabriela Mistral,Female,Chile
1945,Medicine,Howard Florey,Male,Australia
1945,Medicine,Ernst Boris Chain,Male,"Germany, United Kingdom"
1945,Medicine,Alexander Fleming,Male,United Kingdom
1945,Peace,Cordell Hull,Male,United States of America
1945,Physics,Wolfgang Pauli,Male,Austria
1946,Chemestry,John Howard Northrop,Male,United States of America
1946,Chemestry,James B. Sumner,Male,United States of America
1946,Chemestry,Wendell Meredith Stanley,Male,United States of America
1946,Literature,Hermann Hesse,Male,Switzerland
1946,Medicine,Hermann Joseph Muller,Male,United States of America
1946,Peace,Emily Greene Balch,Female,United States of America
1946,Peace,John Mott,Male,United States of America
1946,Physics,Percy Williams Bridgman,Male,United States of America
1947,Chemestry,Robert Robinson,Male,United Kingdom
1947,Literature,André Gide,Male,France
1947,Medicine,Carl Ferdinand Cori,Male,Czech Republic
1947,Medicine,Bernardo Houssay,Male,Argentina
1947,Medicine,Gerty Cori,Female,"Czech Republic, United States of America"
1947,Peace,American Friends Service Committee,,United States of America
1947,Peace,Friends Service Council,,United Kingdom
1947,Physics,Edward Victor Appleton,Male,United Kingdom
1948,Chemestry,Arne Tiselius,Male,Sweden
1948,Literature,T. S. Eliot,Male,United States of America
1948,Medicine,Paul Hermann Müller,Male,Switzerland
1948,Physics,Patrick Blackett,Male,United Kingdom
1949,Chemestry,William Giauque,Male,"Canada, United States of America"
1949,Literature,William Faulkner,Male,United States of America
1949,Medicine,António Egas Moniz,Male,Portugal
1949,Medicine,Walter Rudolf Hess,Male,Switzerland
1949,Peace,John Boyd Orr,Male,United Kingdom
1949,Physics,Hideki Yukawa,Male,Japan
1950,Chemestry,Kurt Alder,Male,Germany
1950,Chemestry,Otto Diels,Male,Germany
1950,Literature,Bertrand Russell,Male,United Kingdom
1950,Medicine,Edward Calvin Kendall,Male,United States of America
1950,Medicine,Philip Showalter Hench,Male,United States of America
1950,Medicine,Tadeus Reichstein,Male,"Poland, Switzerland"
1950,Peace,Ralph Bunche,Male,United States of America
1950,Physics,C. F. Powell,Male,United Kingdom
1951,Chemestry,Glenn T. Seaborg,Male,United States of America
1951,Chemestry,Edwin McMillan,Male,United States of America
1951,Literature,Pär Lagerkvist,Male,Sweden
1951,Medicine,Max Theiler,Male,South Africa
1951,Peace,Léon Jouhaux,Male,France
1951,Physics,John Cockcroft,Male,United Kingdom
1951,Physics,Ernest Walton,Male,Ireland
1952,Chemestry,Richard Laurence Millington Synge,Male,United Kingdom
1952,Chemestry,Archer John Porter Martin,Male,United Kingdom
1952,Literature,François Mauriac,Male,France
1952,Medicine,Selman Waksman,Male,"Ukraine, United States of America"
1952,Peace,Albert Schweitzer,Male,"France, Germany"
1952,Physics,Edward Mills Purcell,Male,United States of America
1952,Physics,Felix Bloch,Male,"Switzerland, United States of America"
1953,Chemestry,Hermann Staudinger,Male,Germany
1953,Literature,Winston Churchill,Male,United Kingdom
1953,Medicine,Fritz Albert Lipmann,Male,Germany
1953,Medicine,Hans Adolf Krebs,Male,"Germany, United Kingdom"
1953,Peace,George Marshall,Male,United States of America
1953,Physics,Frits Zernike,Male,Netherlands
1954,"Chemestry,",Linus Pauling,Male,"United States of America, United States of America"
1954,Literature,Ernest Hemingway,Male,United States of America
1954,Medicine,Thomas Huckle Weller,Male,United States of America
1954,Medicine,Frederick Chapman Robbins,Male,United States of America
1954,Medicine,John Franklin Enders,Male,United States of America
1954,"Peace,",United Nations High Commissioner for Refugees,,
1954,Physics,Walther Bothe,Male,Germany
1954,Physics,Max Born,Male,"Germany, United Kingdom"
1955,Chemestry,Vincent du Vigneaud,Male,United States of America
1955,Literature,Halldór Laxness,Male,Iceland
1955,Medicine,Hugo Theorell,Male,Sweden
1955,Physics,Polykarp Kusch,Male,United States of America
1955,Physics,Willis Lamb,Male,United States of America
1956,Chemestry,Cyril Norman Hinshelwood,Male,United Kingdom
1956,Chemestry,Nikolay Semyonov,Male,Russia
1956,Literature,Juan Ramón Jiménez,Male,Spain
1956,Medicine,Dickinson W. Richards,Male,United States of America
1956,Medicine,André Frédéric Cournand,Male,France
1956,Medicine,Werner Forssmann,Male,Germany
1956,Physics,Walter Houser Brattain,Male,United States of America
1956,Physics,William Shockley,Male,United States of America
1956,"Physics,",John Bardeen,Male,"United States of America, United States of America"
1957,Chemestry,The Lord Todd,Male,United Kingdom
1957,Literature,Albert Camus,Male,France
1957,Medicine,Daniel Bovet,Male,"Italy, Switzerland"
1957,Peace,Lester B. Pearson,Male,Canada
1957,Physics,Tsung-Dao Lee,Male,"China, United States of America"
1957,Physics,Chen Ning Yang,Male,"China, United States of America"
1958,"Chemestry,",Frederick Sanger,Male,"United Kingdom, United Kingdom"
1958,Literature,Boris Pasternak,Male,Russia
1958,Medicine,Joshua Lederberg,Male,United States of America
1958,Medicine,Edward Lawrie Tatum,Male,United States of America
1958,Medicine,George Wells Beadle,Male,United States of America
1958,Peace,Dominique Pire,Male,Belgium
1958,Physics,Igor Tamm,Male,Russia
1958,Physics,Ilya Frank,Male,Russia
1958,Physics,Pavel Cherenkov,Male,Russia
1959,Chemestry,Jaroslav Heyrovský,Male,Czech Republic
1959,Literature,Salvatore Quasimodo,Male,Italy
1959,Medicine,Arthur Kornberg,Male,United States of America
1959,Medicine,Severo Ochoa,Male,"Spain, United Kingdom, United States of America"
1959,Peace,Philip Noel-Baker,Male,United Kingdom
1959,Physics,Owen Chamberlain,Male,United States of America
1959,Physics,Emilio G. Segrè,Male,Italy
1960,Chemestry,Willard Libby,Male,United States of America
1960,Literature,Saint-John Perse,Male,France
1960,Medicine,Frank Macfarlane Burnet,Male,Australia
1960,Medicine,Peter Medawar,Male,"Brazil, United Kingdom"
1960,Peace,Albert Lutuli,Male,South Africa
1960,Physics,Donald A. Glaser,Male,United States of America
1961,Chemestry,Melvin Calvin,Male,United States of America
1961,Literature,Ivo Andrić,Male,Yugoslavia
1961,Medicine,Georg von Békésy,Male,United States of America
1961,Peace,Dag Hammarskjöld,Male,Sweden
1961,Physics,Robert Hofstadter,Male,United States of America
1961,Physics,Rudolf Mössbauer,Male,Germany
1962,Chemestry,John Kendrew,Male,United Kingdom
1962,Chemestry,Max Perutz,Male,United Kingdom
1962,Literature,John Steinbeck,Male,United States of America
1962,Medicine,Francis Crick,Male,United Kingdom
1962,Medicine,Maurice Wilkins,Male,"New Zealand, United Kingdom"
1962,Medicine,James D. Watson,Male,United States of America
1962,Physics,Lev Landau,Male,Azerbaijan
1963,Chemestry,Karl Ziegler,Male,Germany
1963,Chemestry,Giulio Natta,Male,Italy
1963,Literature,Giorgos Seferis,Male,Greece
1963,Medicine,John Eccles,Male,Australia
1963,Medicine,Alan Lloyd Hodgkin,Male,United Kingdom
1963,Medicine,Andrew Huxley,Male,United Kingdom
1963,Peace,League of Red Cross societies,,
1963,Physics,Maria Goeppert-Mayer,Female,"Germany, United States of America"
1963,Physics,J. Hans D. Jensen,Male,Germany
1963,Physics,Eugene Wigner,Male,"Hungary, United States of America"
1964,Chemestry,Dorothy Hodgkin,Female,United Kingdom
1964,Literature,Jean-Paul Sartre,Male,France
1964,Medicine,Konrad Emil Bloch,Male,"Germany, United States of America"
1964,Medicine,Feodor Felix Konrad Lynen,Male,Germany
1964,Peace,Martin Luther King Jr.,Male,United States of America
1964,Physics,Charles Hard Townes,Male,United States of America
1964,Physics,Alexander Prokhorov,Male,"Australia, Russia"
1964,Physics,Nikolay Basov,Male,Russia
1965,Chemestry,Robert Burns Woodward,Male,United States of America
1965,Literature,Mikhail Sholokhov,Male,Russia
1965,Medicine,Jacques Monod,Male,France
1965,Medicine,André Michel Lwoff,Male,France
1965,Medicine,François Jacob,Male,France
1965,Peace,United Nations International Children's Emergency Fund (UNICEF),,
1965,Physics,Richard Feynman,Male,United States of America
1965,Physics,Julian Schwinger,Male,United States of America
1965,Physics,Sin-Itiro Tomonaga,Male,Japan
1966,Chemestry,Robert S. Mulliken,Male,United States of America
1966,Literature,Nelly Sachs,Female,"Germany, Sweden"
1966,Literature,Shmuel Yosef Agnon,Male,"Israel, Ukraine"
1966,Medicine,Charles Brenton Huggins,Male,"Canada, United States of America"
1966,Medicine,Francis Peyton Rous,Male,United States of America
1966,Physics,Alfred Kastler,Male,France
1967,Chemestry,George Porter,Male,United Kingdom
1967,Chemestry,Manfred Eigen,Male,Germany
1967,Chemestry,Ronald George Wreyford Norrish,Male,United Kingdom
1967,Literature,Miguel Ángel Asturias,Male,Guatemala
1967,Medicine,Haldan Keffer Hartline,Male,United States of America
1967,Medicine,George Wald,Male,United States of America
1967,Medicine,Ragnar Granit,Male,"Finland, Sweden"
1967,Physics,Hans Bethe,Male,United States of America
1968,Chemestry,Lars Onsager,Male,"Norway, United States of America"
1968,Literature,Yasunari Kawabata,Male,Japan
1968,Medicine,Marshall Warren Nirenberg,Male,United States of America
1968,Medicine,Robert W. Holley,Male,United States of America
1968,Medicine,Har Gobind Khorana,Male,"India, United States of America"
1968,Peace,René Cassin,Male,France
1968,Physics,Luis Walter Alvarez,Male,United States of America
1969,Chemestry,Derek Barton,Male,United Kingdom
1969,Chemestry,Odd Hassel,Male,Norway
1969,Economics,Ragnar Frisch,Male,Norway
1969,Economics,Jan Tinbergen,Male,Netherlands
1969,Literature,Samuel Beckett,Male,Ireland
1969,Medicine,Alfred Hershey,Male,United States of America
1969,Medicine,Max Delbrück,Male,"Germany, United States of America"
1969,Medicine,Salvador Luria,Male,"Italy, United States of America"
1969,Peace,International Labour Organization,,
1969,Physics,Murray Gell-Mann,Male,United States of America
1970,Chemestry,Luis Federico Leloir,Male,"Argentina, France"
1970,Economics,Paul Samuelson,Male,United States of America
1970,Literature,Aleksandr Solzhenitsyn,Male,Russia
1970,Medicine,Julius Axelrod,Male,United States of America
1970,Medicine,Ulf von Euler,Male,Sweden
1970,Medicine,Bernard Katz,Male,"Germany, United Kingdom"
1970,Peace,Norman Borlaug,Male,United States of America
1970,Physics,Louis Néel,Male,France
1970,Physics,Hannes Alfvén,Male,Sweden
1971,Chemestry,Gerhard Herzberg,Male,"Canada, Germany"
1971,Economics,Simon Kuznets,Male,"Belarus, United States of America"
1971,Literature,Pablo Neruda,Male,Chile
1971,Medicine,Earl Wilbur Sutherland Jr.,Male,United States of America
1971,Peace,Willy Brandt,Male,Germany
1971,Physics,Dennis Gabor,Male,United Kingdom
1972,Chemestry,Stanford Moore,Male,United States of America
1972,Chemestry,William Howard Stein,Male,United States of America
1972,Chemestry,Christian B. Anfinsen,Male,United States of America
1972,Economics,John Hicks,Male,United Kingdom
1972,Economics,Kenneth Arrow,Male,United States of America
1972,Literature,Heinrich Böll,Male,Germany
1972,Medicine,Gerald Edelman,Male,United States of America
1972,Medicine,Rodney Robert Porter,Male,United Kingdom
1972,Physics,John Robert Schrieffer,Male,United States of America
1972,Physics,Leon Cooper,Male,United States of America
1973,Chemestry,Ernst Otto Fischer,Male,Germany
1973,Chemestry,Geoffrey Wilkinson,Male,United Kingdom
1973,Economics,Wassily Leontief,Male,"Russia, United States of America"
1973,Literature,Patrick White,Male,"Australia, United Kingdom"
1973,Medicine,Konrad Lorenz,Male,Austria
1973,Medicine,Nikolaas Tinbergen,Male,Netherlands
1973,Medicine,Karl von Frisch,Male,Austria
1973,Peace,Henry Kissinger,Male,"Germany, United States of America"
1973,Peace,Le Duc Tho,Female,Vietnam
1973,Physics,Leo Esaki,Male,Japan
1973,Physics,Ivar Giaever,Male,"Norway, United States of America"
1973,Physics,Brian David Josephson,Male,United Kingdom
1974,Chemestry,Paul Flory,Male,United States of America
1974,Economics,Friedrich Hayek,Male,"Austria, United Kingdom"
1974,Economics,Gunnar Myrdal,Male,Sweden
1974,Literature,Harry Martinson,Male,Sweden
1974,Literature,Eyvind Johnson,Male,Sweden
1974,Medicine,Christian de Duve,Male,"Belgium, United Kingdom"
1974,Medicine,Albert Claude,Male,Belgium
1974,Medicine,George Emil Palade,Male,"Romania, United States of America"
1974,Peace,Seán MacBride,Male,"France, Ireland"
1974,Peace,Eisaku Satō,Male,Japan
1974,Physics,Martin Ryle,Male,United Kingdom
1974,Physics,Antony Hewish,Male,United Kingdom
1975,Chemestry,Vladimir Prelog,Male,"Bosnia and Herzegovina, Switzerland"
1975,Chemestry,John Cornforth,Male,United Kingdom
1975,Economics,Tjalling Koopmans,Male,Netherlands
1975,Economics,Leonid Kantorovich,Male,Russia
1975,Literature,Eugenio Montale,Male,Italy
1975,Medicine,Howard Martin Temin,Male,United States of America
1975,Medicine,David Baltimore,Male,United States of America
1975,Medicine,Renato Dulbecco,Male,"Italy, United States of America"
1975,Peace,Andrei Sakharov,Male,Russia
1975,Physics,James Rainwater,Male,United States of America
1975,Physics,Ben Roy Mottelson,Male,Denmark
1975,Physics,Aage Bohr,Male,Denmark
1976,Chemestry,William Lipscomb,Male,United States of America
1976,Economics,Milton Friedman,Male,United States of America
1976,Literature,Saul Bellow,Male,"Canada, United States of America"
1976,Medicine,Baruch Samuel Blumberg,Male,United States of America
1976,Medicine,Daniel Carleton Gajdusek,Male,United States of America
1976,Peace,Mairead Maguire,Female,Ireland
1976,Peace,Betty Williams,Female,"Ireland, United Kingdom"
1976,Physics,Burton Richter,Male,United States of America
1976,Physics,Samuel C. C. Ting,Male,United States of America
1977,Chemestry,Ilya Prigogine,Male,"Belgium, Russia"
1977,Economics,James Meade,Male,United Kingdom
1977,Economics,Bertil Ohlin,Male,Sweden
1977,Literature,Vicente Aleixandre,Male,Spain
1977,Medicine,Rosalyn Sussman Yalow,Female,United States of America
1977,Medicine,Roger Guillemin,Male,"France, United States of America"
1977,Medicine,Andrew Schally,Male,"Lithuania, Poland"
1977,Peace,Amnesty International,,United Kingdom
1977,Physics,Philip Warren Anderson,Male,United States of America
1977,Physics,John Hasbrouck Van Vleck,Male,United States of America
1977,Physics,Nevill Francis Mott,Male,United Kingdom
1978,Chemestry,Peter D. Mitchell,Male,United Kingdom
1978,Economics,Herbert A. Simon,Male,United States of America
1978,Literature,Isaac Bashevis Singer,Male,"Poland, United States of America"
1978,Medicine,Hamilton O. Smith,Male,United States of America
1978,Medicine,Daniel Nathans,Male,United States of America
1978,Medicine,Werner Arber,Male,Switzerland
1978,Peace,Anwar Sadat,Male,Egypt
1978,Peace,Menachem Begin,Male,"Belarus, Israel, Russia"
1978,Physics,Robert Woodrow Wilson,Male,United States of America
1978,Physics,Arno Allan Penzias,Male,"Germany, United States of America"
1978,Physics,Pyotr Kapitsa,Male,Russia
1979,Chemestry,Georg Wittig,Male,Germany
1979,Chemestry,Herbert C. Brown,Male,United States of America
1979,Economics,Theodore Schultz,Male,United States of America
1979,Economics,Arthur Lewis,Male,"United Kingdom, Saint Lucia"
1979,Literature,Odysseas Elytis,Male,Greece
1979,Medicine,Allan McLeod Cormack,Male,"South Africa, United States of America"
1979,Medicine,Godfrey Hounsfield,Male,United Kingdom
1979,Peace,Mother Teresa,Female,"India, Macedonia"
1979,Physics,Sheldon Lee Glashow,Male,United States of America
1979,Physics,Steven Weinberg,Male,United States of America
1979,Physics,Abdus Salam,Male,Pakistan
1980,Chemestry,Paul Berg,Male,United States of America
1980,Chemestry,Walter Gilbert,Male,United States of America
1980,Economics,Lawrence Klein,Male,United States of America
1980,Literature,Czesław Miłosz,Male,"Lithuania, Poland, United States of America"
1980,Medicine,George Davis Snell,Male,United States of America
1980,Medicine,Jean Dausset,Male,France
1980,Medicine,Baruj Benacerraf,Male,"United States of America, Venezuela"
1980,Peace,Adolfo Pérez Esquivel,Male,Argentina
1980,Physics,James Cronin,Male,United States of America
1980,Physics,Val Logsdon Fitch,Male,United States of America
1981,Chemestry,Roald Hoffmann,Male,"Poland, Ukraine, United States of America"
1981,Chemestry,Kenichi Fukui,Male,Japan
1981,Economics,James Tobin,Male,United States of America
1981,Literature,Elias Canetti,Male,"Bulgaria, United Kingdom"
1981,Medicine,Roger Wolcott Sperry,Male,United States of America
1981,Medicine,David H. Hubel,Male,"Canada, United States of America"
1981,Medicine,Torsten Wiesel,Male,Sweden
1981,Physics,Arthur Leonard Schawlow,Male,United States of America
1981,Physics,Nicolaas Bloembergen,Male,"Netherlands, United States of America"
1981,Physics,Kai Siegbahn,Male,Sweden
1982,Chemestry,Aaron Klug,Male,"Lithuania, South Africa, United Kingdom"
1982,Economics,George Stigler,Male,United States of America
1982,Literature,Gabriel García Márquez,Male,Colombia
1982,Medicine,John Vane,Male,United Kingdom
1982,Medicine,Sune Bergström,Male,Sweden
1982,Medicine,Bengt I. Samuelsson,Male,Sweden
1982,Peace,Alfonso García Robles,Male,Mexico
1982,Peace,Alva Myrdal,Female,Sweden
1982,Physics,Kenneth G. Wilson,Male,United States of America
1983,Chemestry,Henry Taube,Male,"Canada, United States of America"
1983,Economics,Gérard Debreu,Male,"France, United States of America"
1983,Literature,William Golding,Male,United Kingdom
1983,Medicine,Barbara McClintock,Female,United States of America
1983,Peace,Lech Wałęsa,Male,Poland
1983,Physics,William Alfred Fowler,Male,United States of America
1983,Physics,Subrahmanyan Chandrasekhar,Male,"India, United States of America"
1984,Chemestry,Robert Bruce Merrifield,Male,United States of America
1984,Economics,Richard Stone,Male,United Kingdom
1984,Literature,Jaroslav Seifert,Male,Czech Republic
1984,Medicine,César Milstein,Male,"Argentina, United Kingdom"
1984,Medicine,Niels Kaj Jerne,Male,"Denmark, United Kingdom"
1984,Medicine,Georges J. F. Köhler,Male,Switzerland
1984,Peace,Desmond Tutu,Male,South Africa
1984,Physics,Simon van der Meer,Male,Netherlands
1984,Physics,Carlo Rubbia,Male,Italy
1985,Chemestry,Jerome Karle,Male,United States of America
1985,Chemestry,Herbert A. Hauptman,Male,United States of America
1985,Economics,Franco Modigliani,Male,"Italy, United States of America"
1985,Literature,Claude Simon,Male,France
1985,Medicine,Joseph L. Goldstein,Male,United States of America
1985,Medicine,Michael Stuart Brown,Male,United States of America
1985,Peace,International Physicians for the Prevention of Nuclear War,,
1985,Physics,Klaus von Klitzing,Male,Germany
1986,Chemestry,Dudley R. Herschbach,Male,United States of America
1986,Chemestry,John Polanyi,Male,Canada
1986,Chemestry,Yuan T. Lee,Male,United States of America
1986,Economics,James M. Buchanan,Male,United States of America
1986,Literature,Wole Soyinka,Male,Nigeria
1986,Medicine,Stanley Cohen,Male,United States of America
1986,Medicine,Rita Levi-Montalcini,Female,"Italy, United States of America"
1986,Peace,Elie Wiesel,Male,"Romania, United States of America"
1986,Physics,Gerd Binnig,Male,Germany
1986,Physics,Ernst Ruska,Male,Germany
1986,Physics,Heinrich Rohrer,Male,Switzerland
1987,Chemestry,Jean-Marie Lehn,Male,France
1987,Chemestry,Charles J. Pedersen,Male,United States of America
1987,Chemestry,Donald J. Cram,Male,United States of America
1987,Economics,Robert Solow,Male,United States of America
1987,Literature,Joseph Brodsky,Male,United States of America
1987,Medicine,Susumu Tonegawa,Male,Japan
1987,Peace,Óscar Arias,Male,Costa Rica
1987,Physics,Johannes Georg Bednorz,Male,Germany
1987,Physics,Karl Alexander Müller,Male,Switzerland
1988,Chemestry,Robert Huber,Male,Germany
1988,Chemestry,Hartmut Michel,Male,Germany
1988,Chemestry,Johann Deisenhofer,Male,Germany
1988,Economics,Maurice Allais,Male,France
1988,Literature,Naguib Mahfouz,Male,Egypt
1988,Medicine,Gertrude B. Elion,Female,United States of America
1988,Medicine,George H. Hitchings,Male,United States of America
1988,Medicine,James W. Black,Male,United Kingdom
1988,Peace,United Nations Peace-Keeping Forces,,
1988,Physics,Melvin Schwartz,Male,United States of America
1988,Physics,Leon M. Lederman,Male,United States of America
1988,Physics,Jack Steinberger,Male,"Germany, United States of America"
1989,Chemestry,Sidney Altman,Male,"Canada, United States of America"
1989,Chemestry,Thomas Cech,Male,United States of America
1989,Economics,Trygve Haavelmo,Male,Norway
1989,Literature,Camilo José Cela,Male,Spain
1989,Medicine,J. Michael Bishop,Male,United States of America
1989,Medicine,Harold E. Varmus,Male,United States of America
1989,Peace,Tenzin Gyatso (The Dalai Lama),Male,China
1989,Physics,Norman Foster Ramsey Jr.,Male,United States of America
1989,Physics,Hans Georg Dehmelt,Male,"Germany, United States of America"
1989,Physics,Wolfgang Paul,Male,Germany
1990,Chemestry,Elias James Corey,Male,United States of America
1990,Economics,William Forsyth Sharpe,Male,United States of America
1990,Economics,Harry Markowitz,Male,United States of America
1990,Economics,Merton Miller,Male,United States of America
1990,Literature,Octavio Paz,Male,Mexico
1990,Medicine,E. Donnall Thomas,Male,United States of America
1990,Medicine,Joseph Murray,Male,United States of America
1990,Peace,Mikhail Gorbachev,Male,Russia
1990,Physics,Henry Way Kendall,Male,United States of America
1990,Physics,Jerome Isaac Friedman,Male,United States of America
1990,Physics,Richard E. Taylor,Male,Canada
1991,Chemestry,Richard R. Ernst,Male,Switzerland
1991,Economics,Ronald Coase,Male,"United Kingdom, United States of America"
1991,Literature,Nadine Gordimer,Female,South Africa
1991,Medicine,Bert Sakmann,Male,Germany
1991,Medicine,Erwin Neher,Male,Germany
1991,Peace,Aung San Suu Kyi,Female,Myanmar (Burma)
1991,Physics,Pierre-Gilles de Gennes,Male,France
1992,Chemestry,Rudolph A. Marcus,Male,"Canada, United States of America"
1992,Economics,Gary Becker,Male,United States of America
1992,Literature,Derek Walcott,Male,Saint Lucia
1992,Medicine,Edmond H. Fischer,Male,"Switzerland, United States of America"
1992,Medicine,Edwin G. Krebs,Male,United States of America
1992,Peace,Rigoberta Menchú,Female,Guatemala
1992,Physics,Georges Charpak,Male,"France, Poland, Ukraine"
1993,Chemestry,Kary Mullis,Male,United States of America
1993,Chemestry,Michael Smith,Male,"Canada, United Kingdom"
1993,Economics,Douglass North,Male,United States of America
1993,Economics,Robert Fogel,Male,United States of America
1993,Literature,Toni Morrison,Female,United States of America
1993,Medicine,Phillip Allen Sharp,Male,United States of America
1993,Medicine,Richard J. Roberts,Male,United Kingdom
1993,Peace,Nelson Mandela,Male,South Africa
1993,Peace,F. W. de Klerk,Male,South Africa
1993,Physics,Joseph Hooton Taylor Jr.,Male,United States of America
1993,Physics,Russell Alan Hulse,Male,United States of America
1994,Chemestry,George Andrew Olah,Male,United States of America
1994,Economics,John Forbes Nash Jr.,Male,United States of America
1994,Economics,Reinhard Selten,Male,Germany
1994,Economics,John Harsanyi,Male,"Australia, Hungary"
1994,Literature,Kenzaburō Ōe,Male,Japan
1994,Medicine,Martin Rodbell,Male,United States of America
1994,Medicine,Alfred G. Gilman,Male,United States of America
1994,Peace,Yitzhak Rabin,Male,Israel
1994,Peace,Shimon Peres,Male,"Belarus, Israel, Poland"
1994,Peace,Yasser Arafat,Male,"Egypt, Palestine"
1994,Physics,Clifford Shull,Male,United States of America
1994,Physics,Bertram Brockhouse,Male,Canada
1995,Chemestry,Frank Sherwood Rowland,Male,United States of America
1995,Chemestry,Paul J. Crutzen,Male,Netherlands
1995,Chemestry,Mario J. Molina,Male,United States of America
1995,Economics,Robert Lucas Jr.,Male,United States of America
1995,Literature,Seamus Heaney,Male,Ireland
1995,Medicine,Edward B. Lewis,Male,United States of America
1995,Medicine,Eric F. Wieschaus,Male,United States of America
1995,Medicine,Christiane Nüsslein-Volhard,Female,Germany
1995,Peace,Joseph Rotblat,Male,"Poland, United Kingdom"
1995,Peace,Pugwash Conferences on Science and World Affairs,,Canada
1995,Physics,Frederick Reines,Male,United States of America
1995,Physics,Martin Lewis Perl,Male,United States of America
1996,Chemestry,Richard Smalley,Male,United States of America
1996,Chemestry,Harry Kroto,Male,United Kingdom
1996,Chemestry,Robert F. Curl Jr.,Male,United States of America
1996,Economics,James Mirrlees,Male,United Kingdom
1996,Economics,William Vickrey,Male,"Canada, United States of America"
1996,Literature,Wisława Szymborska,Female,Poland
1996,Medicine,Rolf M. Zinkernagel,Male,Switzerland
1996,Medicine,Peter C. Doherty,Male,Australia
1996,Peace,José Ramos-Horta,Male,"East Timor, Portugal"
1996,Peace,Carlos Filipe Ximenes Belo,Male,"East Timor, Portugal"
1996,Physics,Douglas Osheroff,Male,United States of America
1996,Physics,David Lee,Male,United States of America
1996,Physics,Robert Coleman Richardson,Male,United States of America
1997,Chemestry,Paul D. Boyer,Male,United States of America
1997,Chemestry,Jens Christian Skou,Male,Denmark
1997,Chemestry,John E. Walker,Male,United Kingdom
1997,Economics,Robert C. Merton,Male,United States of America
1997,Economics,Myron Scholes,Male,"Canada, United States of America"
1997,Literature,Dario Fo,Male,Italy
1997,Medicine,Stanley B. Prusiner,Male,United States of America
1997,Peace,Jody Williams,Female,United States of America
1997,Peace,International Campaign to Ban Landmines,,
1997,Physics,Steven Chu,Male,United States of America
1997,Physics,Claude Cohen-Tannoudji,Male,France
1997,Physics,William Daniel Phillips,Male,United States of America
1998,Chemestry,Walter Kohn,Male,"Austria, United States of America"
1998,Chemestry,John Pople,Male,United Kingdom
1998,Economics,Amartya Sen,Male,India
1998,Literature,José Saramago,Male,Portugal
1998,Medicine,Robert F. Furchgott,Male,United States of America
1998,Medicine,Ferid Murad,Male,United States of America
1998,Medicine,Louis Ignarro,Male,United States of America
1998,Peace,John Hume,Male,Ireland
1998,Peace,David Trimble,Male,United Kingdom
1998,Physics,Daniel C. Tsui,Male,"China, United States of America"
1998,Physics,Robert B. Laughlin,Male,United States of America
1998,Physics,Horst Ludwig Störmer,Male,Germany
1999,Chemestry,Ahmed Zewail,Male,Egypt
1999,Economics,Robert Mundell,Male,Canada
1999,Literature,Günter Grass,Male,Germany
1999,Medicine,Günter Blobel,Male,"Germany, United States of America"
1999,Peace,Médecins Sans Frontières,,"France, Switzerland"
1999,Physics,Gerard 't Hooft,Male,Netherlands
1999,Physics,Martinus J. G. Veltman,Male,Netherlands
2000,Chemestry,Alan J. Heeger,Male,United States of America
2000,Chemestry,Alan MacDiarmid,Male,"New Zealand, United States of America"
2000,Chemestry,Hideki Shirakawa,Male,Japan
2000,Economics,James Heckman,Male,United States of America
2000,Economics,Daniel McFadden,Male,United States of America
2000,Literature,Gao Xingjian,Male,"China, France"
2000,Medicine,Eric Kandel,Male,"Austria, United States of America"
2000,Medicine,Paul Greengard,Male,United States of America
2000,Medicine,Arvid Carlsson,Male,Sweden
2000,Peace,Kim Dae-jung,Male,"Korea, South"
2000,Physics,Jack Kilby,Male,United States of America
2000,Physics,Zhores Alferov,Male,"Belarus, Russia"
2000,Physics,Herbert Kroemer,Male,Germany
2001,Chemestry,William Standish Knowles,Male,United States of America
2001,Chemestry,Karl Barry Sharpless,Male,United States of America
2001,Chemestry,Ryōji Noyori,Male,Japan
2001,Economics,Joseph Stiglitz,Male,United States of America
2001,Economics,Michael Spence,Male,United States of America
2001,Economics,George Akerlof,Male,United States of America
2001,Literature,V. S. Naipaul,Male,Trinidad and Tobago
2001,Medicine,Tim Hunt,Male,United Kingdom
2001,Medicine,Paul Nurse,Male,United Kingdom
2001,Medicine,Leland H. Hartwell,Male,United States of America
2001,Peace,Kofi Annan,Male,Ghana
2001,Peace,United Nations,,
2001,Physics,Eric Allin Cornell,Male,United States of America
2001,Physics,Wolfgang Ketterle,Male,Germany
2001,Physics,Carl Wieman,Male,United States of America
2002,Chemestry,John Fenn,Male,United States of America
2002,Chemestry,Koichi Tanaka,Male,Japan
2002,Chemestry,Kurt Wüthrich,Male,Switzerland
2002,Economics,Vernon L. Smith,Male,United States of America
2002,Economics,Daniel Kahneman,Male,"Israel, United States of America"
2002,Literature,Imre Kertész,Male,Hungary
2002,Medicine,H. Robert Horvitz,Male,United States of America
2002,Medicine,John Sulston,Male,United Kingdom
2002,Medicine,Sydney Brenner,Male,"South Africa, United Kingdom, United States of America"
2002,Peace,Jimmy Carter,Male,United States of America
2002,Physics,Raymond Davis Jr.,Male,United States of America
2002,Physics,Riccardo Giacconi,Male,"Italy, United States of America"
2002,Physics,Masatoshi Koshiba,Male,Japan
2003,Chemestry,Roderick MacKinnon,Male,United States of America
2003,Chemestry,Peter Agre,Male,United States of America
2003,Economics,Robert F. Engle,Male,United States of America
2003,Economics,Clive Granger,Male,United Kingdom
2003,Literature,J. M. Coetzee,Male,South Africa
2003,Medicine,Paul Lauterbur,Male,United States of America
2003,Medicine,Peter Mansfield,Male,United Kingdom
2003,Peace,Shirin Ebadi,Female,Iran
2003,Physics,Alexei Alexeyevich Abrikosov,Male,"Russia, United States of America"
2003,Physics,Vitaly Ginzburg,Male,Russia
2003,Physics,Anthony James Leggett,Male,"United Kingdom, United States of America"
2004,Chemestry,Irwin Rose,Male,United States of America
2004,Chemestry,Aaron Ciechanover,Male,Israel
2004,Chemestry,Avram Hershko,Male,"Hungary, Israel"
2004,Economics,Edward C. Prescott,Male,United States of America
2004,Economics,Finn E. Kydland,Male,Norway
2004,Literature,Elfriede Jelinek,Female,Austria
2004,Medicine,Linda B. Buck,Female,United States of America
2004,Medicine,Richard Axel,Male,United States of America
2004,Peace,Wangari Maathai,Female,Kenya
2004,Physics,David Gross,Male,United States of America
2004,Physics,Frank Wilczek,Male,United States of America
2004,Physics,Hugh David Politzer,Male,United States of America
2005,Chemestry,Robert H. Grubbs,Male,United States of America
2005,Chemestry,Richard R. Schrock,Male,United States of America
2005,Chemestry,Yves Chauvin,Male,France
2005,Economics,Thomas Schelling,Male,United States of America
2005,Economics,Robert Aumann,Male,"Israel, United States of America"
2005,Literature,Harold Pinter,Male,United Kingdom
2005,Medicine,Barry Marshall,Male,Australia
2005,Medicine,Robin Warren,Male,Australia
2005,Peace,Mohamed ElBaradei,Male,Egypt
2005,Peace,International Atomic Energy Agency,,Austria
2005,Physics,Theodor W. Hänsch,Male,Germany
2005,Physics,John L. Hall,Male,United States of America
2005,Physics,Roy J. Glauber,Male,United States of America
2006,Chemestry,Roger D. Kornberg,Male,United States of America
2006,Economics,Edmund Phelps,Male,United States of America
2006,Literature,Orhan Pamuk,Male,Turkey
2006,Medicine,Andrew Fire,Male,United States of America
2006,Medicine,Craig Mello,Male,United States of America
2006,Peace,Muhammad Yunus,Male,Bangladesh
2006,Peace,Grameen Bank,,
2006,Physics,John C. Mather,Male,United States of America
2006,Physics,George Smoot,Male,United States of America
2007,Chemestry,Gerhard Ertl,Male,Germany
2007,Economics,Roger Myerson,Male,United States of America
2007,Economics,Eric Maskin,Male,United States of America
2007,Economics,Leonid Hurwicz,Male,"Poland, Russia, United States of America"
2007,Literature,Doris Lessing,Female,United Kingdom
2007,Medicine,Oliver Smithies,Male,"United Kingdom, United States of America"
2007,Medicine,Martin Evans,Male,United Kingdom
2007,Medicine,Mario Capecchi,Male,Italy
2007,Peace,Al Gore,Male,United States of America
2007,Peace,Intergovernmental Panel on Climate Change,,
2007,Physics,Albert Fert,Male,France
2007,Physics,Peter Grünberg,Male,Germany
2008,Chemestry,Roger Y. Tsien,Male,United States of America
2008,Chemestry,Martin Chalfie,Male,United States of America
2008,Chemestry,Osamu Shimomura,Male,"Japan, United States of America"
2008,Economics,Paul Krugman,Male,United States of America
2008,Literature,J. M. G. Le Clézio,Male,France
2008,Medicine,Luc Montagnier,Male,France
2008,Medicine,Françoise Barré-Sinoussi,Female,France
2008,Medicine,Harald zur Hausen,Male,Germany
2008,Peace,Martti Ahtisaari,Male,Finland
2008,Physics,Yoichiro Nambu,Male,"Japan, United States of America"
2008,Physics,Makoto Kobayashi,Male,Japan
2008,Physics,Toshihide Maskawa,Male,Japan
2009,Chemestry,Thomas A. Steitz,Male,United States of America
2009,Chemestry,Venkatraman Ramakrishnan,Male,"India, United States of America"
2009,Chemestry,Ada Yonath,Female,Israel
2009,Economics,Oliver E. Williamson,Male,United States of America
2009,Economics,Elinor Ostrom,Female,United States of America
2009,Literature,Herta Müller,Female,"Germany, Romania"
2009,Medicine,Jack W. Szostak,Male,"Canada, United States of America"
2009,Medicine,Carol W. Greider,Female,United States of America
2009,Medicine,Elizabeth Blackburn,Female,United States of America
2009,Peace,Barack Obama,Male,United States of America
2009,Physics,George E. Smith,Male,United States of America
2009,Physics,Charles K. Kao,Male,"China, Hong Kong, United States of America"
2009,Physics,Willard S. Boyle,Male,"Canada, United States of America"
2010,Chemestry,Ei-ichi Negishi,Male,"Japan, United States of America"
2010,Chemestry,Akira Suzuki,Male,Japan
2010,Chemestry,Richard F. Heck,Male,United States of America
2010,Economics,Dale T. Mortensen,Male,United States of America
2010,Economics,Christopher A. Pissarides,Male,Cyprus
2010,Economics,Peter A. Diamond,Male,United States of America
2010,Literature,Mario Vargas Llosa,Male,"Peru, Spain"
2010,Medicine,Robert G. Edwards,Male,United Kingdom
2010,Peace,Liu Xiaobo,Male,China
2010,Physics,Konstantin Novoselov,Male,"Russia, United Kingdom"
2010,Physics,Andre Geim,Male,"Netherlands, Russia"
2011,Chemestry,Dan Shechtman,Male,Israel
2011,Economics,Thomas J. Sargent,Male,United States of America
2011,Economics,Christopher A. Sims,Male,United States of America
2011,Literature,Tomas Tranströmer,Male,Sweden
2011,Medicine,Bruce Beutler,Male,United States of America
2011,Medicine,Ralph M. Steinman,Male,"Canada, United States of America"
2011,Medicine,Jules A. Hoffmann,Male,"France, Luxembourg"
2011,Peace,Leymah Gbowee,Female,Liberia
2011,Peace,Ellen Johnson Sirleaf,Female,Liberia
2011,Peace,Tawakel Karman,Female,Yemen
2011,Physics,Saul Perlmutter,Male,United States of America
2011,Physics,Brian Schmidt,Male,"Australia, United States of America"
2011,Physics,Adam G. Riess,Male,United States of America
2012,Chemestry,Brian K. Kobilka,Male,United States of America
2012,Chemestry,Robert J. Lefkowitz,Male,United States of America
2012,Economics,Alvin E. Roth,Male,United States of America
2012,Economics,Lloyd S. Shapley,Male,United States of America
2012,Literature,Mo Yan,Male,China
2012,Medicine,Shinya Yamanaka,Male,Japan
2012,Medicine,John B. Gurdon,Male,United Kingdom
2012,Peace,European Union,,
2012,Physics,David J. Wineland,Male,United States of America
2012,Physics,Serge Haroche,Male,France
2013,Chemestry,Martin Karplus,Male,"Austria, United States of America"
2013,Chemestry,Michael Levitt,Male,"Israel, South Africa, United Kingdom, United States of America"
2013,Chemestry,Arieh Warshel,Male,"Israel, United States of America"
2013,Economics,Robert J. Shiller,Male,United States of America
2013,Economics,Lars Peter Hansen,Male,United States of America
2013,Economics,Eugene F. Fama,Male,United States of America
2013,Literature,Alice Munro,Female,Canada
2013,Medicine,Thomas C. Südhof,Male,"Germany, United States of America"
2013,Medicine,James E. Rothman,Male,United States of America
2013,Medicine,Randy W. Schekman,Male,United States of America
2013,Peace,Organisation for the Prohibition of Chemical Weapons,,
2013,Physics,François Englert,Male,Belgium
2013,Physics,Peter W. Higgs,Male,United Kingdom
2014,Chemestry,William Moerner,Male,United States of America
2014,Chemestry,Stefan Hell,Male,"Germany, Romania"
2014,Chemestry,Eric Betzig,Male,United States of America
2014,Economics,Jean Tirole,Male,France
2014,Literature,Patrick Modiano,Male,France
2014,Medicine,May-Britt Moser,Female,Norway
2014,Medicine,Edvard Moser,Male,Norway
2014,Medicine,John O'Keefe,Male,"United Kingdom, United States of America"
2014,Peace,Kailash Satyarth,Male,India
2014,Peace,Malala Yousafzai,Female,Pakistan
2014,Physics,Shuji Nakamura,Male,United States of America
2014,Physics,Isamu Akasaki,Male,Japan
2014,Physics,Hiroshi Amano,Male,Japan
